{
	"shape": {
		"block": { "vectors": [ -1.06581410364015E-14, -1.22319931961101E-11, 39.3700787401708, -1.22319931961101E-11, 39.3700787401708, 39.3700787401575, -1.06581410364015E-14, 39.3700787401575, -1.06581410364015E-14, -1.22355459097889E-11 ] },
		"egginspector": { "vectors": [ 365.157480314961, 276.356404044186, 376.377952755905, 294.072939477257, 376.377952755905, 300.372152075682, 375.787401574803, 300.962703256784, 376.377952755905, 301.553254437886, 376.377952755905, 306.868215067808, 371.653543307087, 311.002073335524, 358.661417322835, 311.002073335524, 358.661417322835, 311.789474910327, 357.874015748031, 311.789474910327, 357.874015748031, 315.726482784343, 356.692913385827, 315.726482784343, 354.606196418659, 311.851151273889, 352.755905511811, 314.742230815839, 349.212598425197, 314.742230815839, 349.212598425197, 311.789474910327, 348.031496062992, 311.789474910327, 348.031496062992, 311.002073335524, 279.92125984252, 311.002073335524, 275.196850393701, 306.868215067808, 275.196850393701, 301.553254437886, 275.789717461788, 300.962703256784, 275.196850393701, 300.372152075682, 275.196850393701, 294.072939477257, 286.417322834646, 276.356404044186, 286.417322834646, 272.813096957571, 365.15748031496, 272.813096957571, 365.15748031496, 276.356404044186 ] },
		"aanvoerunit": { "vectors": [ 583.40803091524, 407.655616642611, 584.645669291338, 407.655616642611, 584.645669291338, 411.986325304028, 592.716535433071, 411.986325304028, 592.716535433071, 416.907585146548, 590.748031496063, 416.907585146548, 590.748031496063, 423.994199319776, 592.716535433071, 423.994199319776, 636.023622047244, 439.210202724756, 636.023622047244, 442.49813632765, 648.228346456693, 442.49813632765, 648.228346456693, 429.506010343398, 645.07874015748, 424.191049713477, 645.07874015748, 423.994199319776, 641.732283464567, 423.994199319776, 641.732283464567, 422.41939617017, 639.173228346456, 422.41939617017, 639.173228346456, 415.726482784343, 641.141732283464, 415.726482784343, 641.141732283464, 418.088687508753, 646.259842519685, 418.088687508753, 646.259842519685, 415.726482784343, 672.047244094488, 415.726482784343, 672.047244094488, 418.088687508753, 677.165354330709, 418.088687508753, 677.165354330709, 415.726482784343, 695.07874015748, 415.726482784343, 695.07874015748, 402.143805618989, 697.44094488189, 402.143805618989, 697.44094488189, 401.159553650485, 695.07874015748, 401.159553650485, 695.07874015748, 397.222545776469, 697.44094488189, 397.222545776469, 697.44094488189, 391.559311373077, 699.803149606299, 387.38002609143, 699.803149606299, 384.82097097332, 697.285536676336, 384.82097097332, 696.259842519685, 383.049317430012, 671.259842519685, 382.953897582684, 671.259842519685, 373.009947351272, 669.488188976378, 373.009947351272, 669.488188976378, 382.947135546259, 644.685039370079, 382.852467036312, 643.110236220472, 385.275241112629, 643.110236220472, 384.82097097332, 640.551181102362, 384.82097097332, 640.551181102362, 387.38002609143, 612.401574803149, 387.38002609143, 612.401574803149, 384.624120579619, 609.842519685039, 384.624120579619, 609.842519685039, 385.154102408813, 608.267716535433, 382.852467036312, 589.173228346457, 382.852467036312, 587.696850393701, 385.190065461509, 587.696850393701, 384.624120579619, 585.13779527559, 384.624120579619, 585.13779527559, 387.38002609143, 568.897637795275, 387.38002609143, 568.897637795275, 373.009947351272, 566.929133858268, 373.009947351272, 566.929133858268, 387.38002609143, 511.220472440945, 387.38002609143, 511.220472440945, 411.789474910327, 552.55905511811, 411.789474910327, 552.55905511811, 402.53750640639, 581.102362204724, 402.53750640639, 581.102362204724, 404.907827673522, 580.350764964427, 404.012108962215, 578.358696107599, 405.683653205259, 581.642379706712, 409.596994931443, 583.63444856354, 407.925450688399, 583.40803091524, 407.655616642611 ] },
		"transferlane": { "vectors": [ 213.582677165354, 267.104435540249, 229.92125984252, 267.104435540249, 233.267716535433, 277.53750640639, 239.173228346457, 284.427270185918, 239.173228346457, 293.285537902453, 243.110236220472, 297.222545776469, 243.110236220472, 313.954829241036, 189.566929133858, 313.954829241036, 189.566929133858, 297.222545776469, 193.503937007874, 293.285537902453, 193.503937007874, 291.317033965446, 204.330708661417, 291.317033965446, 204.330708661417, 284.427270185918, 210.236220472441, 277.53750640639, 213.582677165354, 267.104435540249 ] },
		"omniamainconveyor": { "vectors": [ 632.874015748031, 250.962703256784, 632.874015748032, 270.647742626863, 626.968503937008, 272.616246563871, 626.771653543307, 272.222545776469, 632.48031496063, 270.372152075682, 632.48031496063, 247.41939617017, 546.653543307087, 247.41939617017, 546.653543307087, 270.372152075682, 552.362204724409, 272.222545776469, 552.165354330709, 272.616246563871, 546.259842519685, 270.647742626863, 546.259842519685, 247.025695382768, 548.228346456693, 245.05719144576, 548.543307086614, 245.332781996941, 546.850393700788, 247.025695382768, 632.283464566929, 247.025695382768, 630.590551181102, 245.332781996941, 630.905511811023, 245.05719144576, 632.874015748031, 247.025695382768, 632.874015748031, 250.962703256784 ] },
		"omniabaseconveyor": { "vectors": [ 632.874015748031, 288.364278059934, 632.874015748032, 304.112309555997, 626.968503937008, 306.080813493005, 626.771653543307, 305.687112705603, 632.48031496063, 303.836719004816, 632.48031496063, 284.82097097332, 546.653543307087, 284.82097097332, 546.653543307087, 303.836719004816, 552.362204724409, 305.687112705603, 552.165354330709, 306.080813493005, 546.259842519685, 304.112309555997, 546.259842519685, 284.427270185918, 548.228346456693, 282.45876624891, 548.543307086614, 282.734356800091, 546.850393700788, 284.427270185918, 632.283464566929, 284.427270185918, 630.590551181102, 282.734356800091, 630.905511811023, 282.45876624891, 632.874015748031, 284.427270185918, 632.874015748031, 288.364278059934 ] },
		"transfercabinet": { "vectors": [ 439.96062992126, 285.608372548123, 439.96062992126, 302.143805618989, 487.204724409449, 302.143805618989, 487.204724409449, 285.805222941823, 483.224452712642, 281.277663886705, 482.878342130311, 281.671364674107, 486.685558535952, 286.002073335524, 486.685558535952, 301.553254437886, 440.479795794756, 301.553254437886, 440.479795794756, 285.805222941824, 443.767846326901, 282.065065461509, 443.42173574457, 281.671364674107, 439.96062992126, 285.608372548123 ] },
		"omniamaincover": { "vectors": [ 649.409448818898, 308.672677010065, 649.409448818898, 320.089999844711, 650.375805297065, 321.041443414264, 733.48246241947, 321.041443414264, 734.448818897638, 320.089999844711, 734.448818897638, 276.323595645236, 733.48246241947, 275.372152075682, 650.375805297065, 275.372152075682, 649.409448818898, 276.323595645236, 649.409448818898, 308.672677010065, 648.622047244094, 309.033569398516, 648.622047244094, 275.569002469383, 649.606299212598, 274.584750500879, 734.251968503937, 274.584750500879, 735.236220472441, 275.569002469383, 735.236220472441, 320.844593020564, 734.251968503937, 321.828844989068, 649.606299212598, 321.828844989068, 648.622047244094, 320.844593020564, 648.622047244094, 309.033569398517 ] },
		"egginspecl": { "vectors": [ 416.338582677165, 308.049317430012, 400.590551181102, 308.049317430012, 396.653543307087, 304.112309555997, 396.653543307087, 298.600498532375, 397.246410375174, 298.009947351272, 396.653543307087, 297.41939617017, 396.653543307087, 290.332781996942, 408.464566929134, 272.616246563871, 408.464566929134, 269.86034105206, 416.338582677165, 269.86034105206, 416.338582677165, 308.049317430012 ] },